,Kauno Aleksoto seniūnijos gatvės ir pastatų numeriai,
,,
,Gatvės pavadinimas,Pastatų numeriai
,A. Gustaičio g.,"2, 3, 4, 5, 6, 7, 9, 11, 15, 17, 19, 21, 23"
,A. J. Greimo g.,"19, 34"
,A. J. Povilaičio g.,"3,4,5,6,7,8,9,10,11,12,13,14,16,18,20,22"
,A. Sabaliausko g.,
,A. Škėmos g.,"1,3,5,10,13,24,26,28"
,Akacijų g.,"3, 4, 5, 6, 6a, 7, 8, 8a, 8c, 9, 10, 11, 12, 13, 14, 15, 16, 17, 18, 19, 20, 20a, 20b, 20c, 20d, 21, 22, 23, 23a, 24, 25, 26, 27, 29, 31, 31a, 33, 33a, 33b, 35, 35a, 35b, 37, 38, 39, 40, 42, 42b, 44, 44a, 44b, 46, 48, 48a, 50, 50a, 52, 54, 56, 56a, 58, 60, 60a, 60b, 60c, 66, 66a, 68, 68a, 68b, 70, 72, 72a, 72b, 74, 74a, 74b, 74c, 74d, 76, 76a, 78, 80, 82, 82a, 84, 84a, 86, 88, 90, 90a, 90b, 90c, 92, 92a, 94, 96, 98"
,Alyvų g.,"1, 4, 4b, 20, 22, 23, 24, 25, 27, 29, 31, 33, 35, 39"
,Alovės g.,"2, 3, 4, 5, 6, 6a, 7, 9, 11, 12, 12a, 13, 14, 15, 17"
,Alšėngirės g.,"1, 2, 3, 4, 5, 6, 7, 8, 9, 10, 11, 12, 13, 14, 15, 16, 17, 18, 19, 21"
,Alšėnų g.,"1, 2, 2a, 2b, 2c, 3,  4, 5, 6, 7, 8, 10, 12, 13, 14, 16, 16a, 17, 18, 18a, 19, 20, 21, 21a, 23, 24, 26, 27, 28, 29, 30, 31, 33, 35, 37, 39, 41, 43, 45, 47, 51, 53, 53a, 55, 57, 59, 61, 63, 65, 67, 69, 73, 75, 77, 79"
,Amerikos Lietuvių g.,"2, 3, 4, 5, 6, 7, 9, 9a, 11, 15, 15a, 15b, 17, 19, 21"
,Ančios g.,"1, 1a, 2, 3, 4, 5, 6, 6a, 8, 9, 9a, 10, 12, 14, 16, 17, 19, 21, 23"
,Antakalnio g.,"1, 2, 3, 4, 5, 6, 7, 8, 9, 10, 11, 13, 15, 17, 17a, 18, 19, 20, 21, 22, 23, 25, 26, 27, 28, 29, 30, 32, 33, 34, 34a, 35, 36, 38, 40, 40a, 40b, 40e, 40j, 41, 42, 43, 44, 45, 55, 57"
,Antverpeno g.,
,Antanavos g.,"1, 2, 3, 4, 4a, 5, 6, 7, 7a, 8, 9, 10, 11, 12, 13, 13a, 14, 16, 17, 17a, 18, 18a, 19, 20, 21, 22"
,Armoniškių g.,"1, 3, 4, 5, 6a, 6b, 7, 8, 9, 10, 11, 13, 15, 17, 21, 23, 23a, 25, 28, 28a, 28b, 28c, 28d, 28e, 28f, 28g, 28h, 28j, 28k, 28l, 28m, 28n, 28p, 28r, 30, 31, 33, 34, 35, 35a, 37, 38"
,Artilerijos g.,"1, 2, 3, 4, 5, 6, 8, 9, 11, 12, 13, 14, 15, 16, 17, 18, 19, 20, 22, 24, 26"
,Astrų g.,"1, 1a, 2, 3, 4, 5, 6, 7, 8, 9a, 10, 12, 14"
,Aukštažio g.,"1, 1a, 1b,  3c, 5, 7, 9, 11, 13, 15, 17, 19, 21"
,Aukštoji g.,"3, 4, 6, 8, 10, 14, 16, 18, 20, 22"
,Austėjos g.,"3, 4, 6, 8, 9, 10, 12, 14"
,Avilių g.,"2, 3, 4, 5, 6, 7, 8, 9, 10, 11"
,Balbieriškio g.,"3, 4, 5, 6, 7, 8, 9, 10, 11, 12, 13, 14, 15, 15a, 16, 17, 19, 20, 21, 22, 23, 24, 25, 26, 28a, 30, 31, 32, 33, 34, 35, 36, 37, 37a, 39, 41, 43, 45, 47, 49, 51, 53, 55, 57, 59, 61, 63, 65, 67, 69, 71, 73, 75, 77, 79, 81, 83, 85, 87, 89, 91, 93, 95, 97"
,Balių g.,"1, 1a, 3, 3a, 4, 5, 6, 7, 8, 8a, 9, 9a, 10a"
,Balno g.,"2, 3, 4, 5, 6, 7, 8, 9, 10, 11, 12, 13, 14"
,Bangų g.,"1a, 4, 6, 9, 11, 12, 14, 15, 17, 21, 23, 29, 31"
,Barkūnų g.,"3, 4, 5, 7, 9, 10, 11, 12, 13, 14, 15, 16, 17, 18, 19, 20, 21, 23, 25, 27, 29, 31, 33, 35, 37, 39, 41, 43, 45, 47, 49"
,Bartelių g.,"6, 7, 8, 9, 10, 10a, 11, 13, 14, 15, 16, 17, 18, 19, 19a, 19b, 20, 21, 22, 23, 24, 24a, 24b, 24c, 25, 26, 26a, 27, 28, 29, 30, 32, 34, 36, 38"
,Barzdų g.,"2, 2a, 3, 4, 5, 6, 7, 8, 9, 10, 11, 12, 13, 15, 17, 17a, 19, 19a"
,Bitininkų g.,"3, 5, 6, 7, 8, 9, 11, 12, 13, 15, 16, 17, 18, 21, 24, 25, 26,  27, 28, 30, 31, 33, 34, 36, 38, 39, 40a, 41, 42a, 43, 43a, 43b, 43c, 43d, 44, 45, 46, 48, 49, 50, 51, 52, 53, 55, 57, 59, 61, 65, 67, 69, 70, 71, 73, 75a, 76, 78, 81, 87, 89, 91,73a, 73b, 75, 75b"
,Blindžių g.,"3, 4, 5, 6, 7, 8, 9, 10, 11, 12, 13, 15, 16, 17, 18, 20"
,Briugės g.,"1, 2, 3, 4, 13, 14, 15, 16, 17, 18, 19, 20, 21, 22, 23, 24, 25, 26, 27, 28, 29, 30, 31, 32, 33, 34, 35, 36, 37, 39, 41, 43, 45, 47, 49, 51, 53, 55, 57"
,Bublių g.,"7, 8, 9, 10"
,Būgnininkų g.,"1, 2, 3, 4, 7, 8, 9, 10, 11, 12, 13, 14, 15, 18"
,Būrio g.,"5, 6, 7, 8, 9, 10, 12, 15, 16, 17, 18, 19, 20, 21, 22, 23, 24, 25, 26"
,Darželio g.,"1, 1a, 2, 2a, 3, 4, 5, 6, 7, 8, 9, 10, 11, 12, 12a, 12b, 13, 14, 16, 17, 18, 18a, 18b, 18c"
,Daugėliškių g.,"1, 2, 3, 4, 5, 6, 7, 8, 9, 10, 11, 12, 14"
,Dobilų g.,"3, 4, 5, 5a, 7, 8, 9, 10, 13, 14, 16, 18, 20"
,Dragių g.,"1, 3, 4, 5, 6, 7, 10, 11, 12, 14, 15, 16, 17, 18, 19, 23, 24, 24a, 25, 25a, 25b, 25d, 25e, 26, 28, 29, 31, 33, 35, 37"
,Dragūnų g.,"3, 4, 5, 6, 7, 8, 9, 10, 11, 13, 14, 15, 16, 19, 20, 21, 22, 23, 25, 26, 27, 29"
,Drebulių g.,"4, 5, 6, 8, 10"
,Dūkšto g.,"1a, 2, 3, 3a, 3b, 4, 4a, 4b,  5, 6, 7, 8, 9, 12, 14, 16, 18, 20"
,Dvarų g.,"1, 1a, 2, 3, 4, 4a, 5, 6, 6a, 7, 8, 9, 9a, 10, 11, 12, 13, 14, 15, 16, 17, 18, 19, 20, 21, 22, 23, 24, 25, 26, 27, 28, 29, 30, 31, 32, 33, 34, 35, 36, 37, 38, 39, 40, 41, 42, 43, 44, 45, 46, 47, 47a, 49, 50, 52, 53, 55, 57, 59"
,Erdvės g.,"2a, 3, 4, 5, 6, 7, 9, 10, 13, 14, 15, 16, 17, 18, 19, 20, 21, 22, 23, 24, 25, 26, 27, 28, 29, 30, 31, 32, 33, 34, 35, 36, 37, 39, 41"
,Europos pr.,"4, 5, 5j, 7, 9, 9a, 9b, 9c, 11, 14, 15, 16, 17, 18, 19, 20, 21, 21a, 22, 23, 23a, 24, 25, 26, 27, 28, 29, 30, 31, 32, 33, 34, 35, 36, 37, 38, 39, 40, 41, 42, 43, 45, 45a, 45b, 46, 47, 47a, 48, 49, 50, 52, 56, 58, 60, 62, 64, 67, 67a, 69, 70, 71, 72, 73, 77, 79, 81, 83, 85, 85a, 87, 89, 91, 95, 95a, 96, 97, 98, 99, 100, 101, 102, 102a, 103, 104, 105, 106, 107, 108, 109, 110, 112, 114, 118, 120, 121, 122a, 122b, 122c, 122d, 122f, 122g, 122h, 122k, 122l, 124"
,Ežerėlio g.,"2, 3, 4, 5, 5a, 6, 8, 10a, 12, 12a"
,F. Vaitkaus g.,"4,5,6,7,9,11,12,13,14,15,16,17,18,19,20,21,22,23,25,27"
,Fredos takas,"2, 8, 11, 16, 18, 20, 22, 24"
,Galvės g.,"1, 3, 5, 5a, 7, 8, 10, 12, 13, 14, 16, 18, 19, 20, 22, 24, 26, 28, 30"
,Gamtos g.,"3a, 6, 7, 9, 10, 11, 13"
,Gebenių g.,"1, 1a, 1b, 3, 5, 6, 7, 8, 9, 10, 11, 12, 13, 14, 15, 16, 17, 18, 19, 20, 21, 22, 23, 24, 25, 26, 27, 28, 29, 30, 31, 32, 33, 34, 35, 37, 39, 41, 43, 45, 47, 49, 51, 53, 55, 57, 59, 61, 63, 65, 67, 69, 71, 73, 75, 77, 79, 81, 83, 87, 89"
,Gelgaudiškio g.,"1, 2, 3, 5, 6, 7, 8, 9, 10, 11, 12, 13, 14a, 15, 16, 16a, 17, 20"
,Generolo Vėtros g.,"2, 3, 4, 5, 6, 8, 9, 10, 11, 12, 13, 14, 15, 16, 17, 18, 19, 20, 22, 24, 25, 26, 27, 28, 29, 30, 31, 31a, 32, 33, 34, 36, 38, 40, 42, 44, 46"
,Gėlių g.,"3, 4, 5, 6a, 7, 7a, 8, 9, 10, 11, 13, 15, 17"
,Ginklininkų g.,"2, 4, 5, 6, 8, 9, 11, 13, 14, 15, 16, 17, 18, 19, 20, 21, 22, 24"
,Gintariškių g.,"3, 4, 8, 9, 11, 12, 13, 14, 15, 16, 17, 19, 21, 23, 25"
,Girkalnio g.,"3, 4, 5, 6, 7"
,Gižų g.,"1, 1a, 1b, 2, 4, 5, 6, 7, 8, 9, 10, 11, 11a, 12, 14, 15, 16, 18, 19"
,Godulių g.,"3, 4, 5, 6, 7, 8, 9, 10, 11, 12, 13, 14"
,Grandies g.,"3, 5a, 6, 7, 8, 10"
,Griškabūdžio g.,"2, 2a, 3, 4, 5, 5a, 6, 7, 7a, 8, 9, 10, 11, 13, 15, 15a, 16, 17, 18, 19, 21, 22, 23, 24, 25"
,Grožio al.,1
,Gudelių g.,"2, 3, 4, 5, 6, 7, 8, 9, 10, 11, 12, 13, 14, 15, 16, 17, 18, 19, 20"
,Gulbių g.,"3, 4, 5, 6, 6, 8, 9, 10, 14, 16"
,Gurguolių g.,"2, 3, 4, 6, 8, 10, 11, 14, 16"
,Gvazdikų g.,"1, 3, 5, 7, 9, 11, 12, 13, 28, 29, 30, 31, 33, 34, 35, 37, 39, 41, 42, 43, 45, 54, 63"
,H. ir O. Minkovskių g.," 33, 34, 35, 36, 37, 38, 39, 40, 41a, 41b, 41c, 41d, 42, 43, 44, 46, 47, 48, 50, 52, 53, 54, 55, 56, 57, 57a, 57b, 57c, 58a, 60, 60a, 62, 63, 63a, 64, 65, 66,71, 73, 73a, 73b, 73d, 73e, 73f, 74, 75, 76, 77, 78, 78a, 80, 80a, 85, 86, 86a, 87, 89, 91, 91a, 98, 106, 114, 120, 120c, 120d, 120e, 120f, 120g, 128, 132, 134, 136, 138, 142, 144, 146, 148, 148a, 150, 150a, 152, 154, 154a, 156, 158, 24, 26, 28, 32"
,Husarų g.,"1, 3, 4, 5, 6, 7, 8, 9, 10, 11, 12, 13, 17, 18, 19, 20, 21, 22, 23, 24, 25, 26"
,I. Šeiniaus g.,"1,2,9,11,13,17,19,21"
,Ilgoji g.,"3, 4, 5, 6, 9, 11, 12, 13, 14, 17, 18, 19, 20, 21, 22, 23, 25, 26, 27, 28, 29, 30, 32, 34"
,Įgulos g.,"2, 3, 4, 5, 7, 8, 9, 10, 11, 12, 13, 14, 15, 16, 17, 18, 20 "
,Yliškių g.,"2, 4, 5, 6, 7, 8, 9, 10, 11, 12, 13, 13a, 14, 15, 16, 17, 17a, 18, 19, 19a, 20, 22, 24"
,J. Bakanausko g.,"31, 33, 35, 37, 39, 39a, 41, 41a, 42, 43, 43a, 44, 45, 46, 47, 49, 50, 51, 52, 53, 53a, 54, 54a, 55, 56, 56a, 56b, 57, 57a, 58, 58a, 58b, 59, 61, 63, 65, 67, 69, 71, 71a, 73, 75, 77, 79, 81, 83, 85, 85a, 85b, 87, 89, 91, 95, 97, 99, 99a"
,J. Baltrušaičio,"15, 19, 23, 25, 26, 29, 33, 35, 37, 39"
,J. Barkausko g.,"1; 1A, 2, 3, 5, 6, 7, 8, 9, 10, 11, 12, 13, 14, 15, 17, 18, 20, 21, 22, 23, 24, 26, 27, 28, 34, 35, 40"
,J. Biliūno g.,"2, 3, 4, 7, 9, 11, 11a, 14, 15, 17, 29, 30, 32, 34, 35, 37, 40, 42, 43, 45, 46, 48"
,J. Čapliko g.,"3, 5, 7, 9, 11, 13, 14, 15, 16, 19, 20, 21, 23, 26, 28, 30, 31, 32, 34, 35, 36, 37, 40, 43, 44, 46, 48, 53, 59, 61, 67"
,J. Damijonaičio g.,"2, 3, 5, 6, 7, 8, 9, 10, 11, 12, 13, 14, 14a, 15, 16, 17, 17a, 18, 19, 20, 21, 22, 23"
,J. Dobkevičiaus g.,"3, 4, 5, 6, 7, 8, 9, 10, 11, 12, 13, 14, 15, 17, 19"
,J. Kriščiūno g.,"3, 4, 6, 7, 8, 10, 12, 14"
,J. Kumpio g.,"1, 2, 3, 4, 4a, 5, 6, 7, 9, 11, 12, 14, 15, 17, 19, 20, 21, 22"
,J. Pabrėžos g.,"2, 3, 3a, 4, 4a, 5, 6, 7, 8, 9, 10, 11, 11a, 12, 13, 14, 14a, 15, 15a, 16, 17, 18, 19, 21, 22, 23, 24, 25, 28, 28a, 28b, 28c, 32, 32a, 33, 33a, 34, 35, 36, 37, 38, 39, 40, 42, 43, 44, 45, 46, 47, 50, 51, 52, 53, 54, 55, 56, 60, 62, 64, 66, 68"
,J. Petruičio g.,"3, 6, 9, 10, 13, 17, 19, 20, 21, 22, 23, 34, 25, 26, 27, 28, 30, 33, 39, 40, 41, 45, 46"
,J. Savickio g.,7
,J. Tysliavos g.,"4,6"
,J. Vėbros g.,"1,2,3,4,5,6,7,8,9,10,11,12,13,14,1,16,17,18,19,20,21,23"
,Jiesios pl.,"1, 2, 2a, 2b, 3, 4, 4a, 4b, 4c, 5, 7, 7a, 8, 9, 10, 11, 12, 13, 14, 16, 18, 18a, 20, 20a, 22, 26, 28"
,Jonučių g.,"3, 4, 5, 6, 8, 11, 13, 15"
,Julijanavos g.,"1, 1a, 3, 4, 4b, 4c, 4g, 4j, 4l, 4m, 4p, 4t, 4v, 5, 6, 6a, 17, 20, 21, 22, 23, 24, 26, 27, 28, 30, 32, 33, 34, 36, 38, 39, 40, 41, 42, 43, 45, 46, 47, 48, 49, 50, 51, 52, 53, 54, 55, 56, 57, 58, 59, 60, 62, 63, 64, 65, 66, 67, 68, 68a, 69, 70, 71, 73, 73a, 75, 76, 77, 79"
,Juodalksnių g.,"3, 4, 8, 8a, 9, 11, 11a, 11b, 11c, 11d, 14, 16, 17, 18, 20, 22, 26, 28, 30, 32, 34, 36"
,Juodelynės g.,"1, 2, 3, 4, 5, 6, 7, 8, 9, 10, 11, 12, 13, 14, 15, 16, 17, 18, 19, 20, 21, 22, 23, 24, 25, 26, 27, 28, 29, 30, 31, 32, 33, 34, 35, 36, 38, 39, 40, 41, 42, 43, 44, 44a, 45, 46, 47, 48, 49, 51, 53, 55, 56, 57, 58, 59, 61, 63, 65, 67, 69, 69a, 71, 71a, 73, 74, 75, 76, 78, 80, 82, 83, 84, 85, 88, 101, 105, 107, 109, 115, 117, 117a, 119, 121, 123, 125, 127, 129, 131, 133, 135, 137"
,Jurginų g.,"4, 6"
,K. Binkio,"14, 16, 17, 18, 19, 20, 21, 22, 23, 24, 25, 26, 27, 29, 31, 32, 33, 34, 35, 36, 37, 39"
,K. Dulksnio g.,"4, 9, 10, 12, 14, 16, 18, 20, 22, 24, 36, 40, 42, 46"
,K. Grybausko g.,"1, 1a, 2, 2a, 3, 4, 4a, 5, 6, 8, 8a, 9, 10, 11, 12, 14, 15, 16, 17, 17a, 18, 19, 20, 21, 22, 23, 24, 25, 26, 27, 28, 30, 32, 32b, 34, 36, 38, 42, 44, 44a, 44b, 46, 46a"
,K. Jauniaus g.,"1, 3, 24, 26, 28, 30, 32, 36, 38, 40, 42, 44, 46, 48, 50"
,K. Skučo g.,"3,4,5,6,7,8,9,12,13,14,15"
,K. Sprangausko g.,"1,2,3,4,6,7,10,12,15,17,19,20,21,22,23,24,25,29,30,31,32,34,36,38,39,40,44,46,47,48,50,54,55,61"
,Kalkinės g.,"1, 1a, 2, 3, 5, 6, 9, 11, 12, 13, 14, 15, 15a, 19, 21, 23a, 25, 27, 27a, 29, 31, 33, 35, 37, 39"
,Kalvarijos g.,"1, 2a, 3, 4, 5, 7, 8, 9, 10, 12, 13, 13a, 14, 15, 16, 17, 18, 18a, 19, 20, 21, 24, 25, 26, 26a, 27, 28, 28a, 28b, 28c, 28d, 28e, 28f, 28h, 29, 29a, 30, 31, 31a, 32, 32a, 34, 34a, 35, 35a, 35b, 36, 37, 38, 41, 42, 44, 45, 45a, 48, 49, 50, 51, 52, 54, 55, 56, 57, 58, 59, 60, 61, 62, 63, 64, 64a, 65, 66, 67, 68, 68a, 69, 70, 71, 72, 72a, 72b, 73, 74, 74a, 74b, 75, 76, 77, 78, 79, 80, 80a, 81, 82, 83, 84, 85, 86, 87, 88, 89, 90, 90a, 91, 91a, 92, 93, 94, 95, 96, 97, 99, 100, 100a, 1401, 102, 103, 104, 105, 106, 108, 111, 113, 117, 119, 121, 122, 123, 124, 126, 126a, 126b, 126c, 126d, 126e, 126f, 126h, 126j, 126k, 126m, 126n, 127, 128, 128a, 128b, 128c, 129, 131, 132, 133, 134, 135, 136, 138, 139, 140, 141, 143, 147, 151, 153, 155, 157, 159, 163, 165, 171, 173"
,Kamanų g.,"1, 3, 4, 5, 6, 7, 8, 9, 10, 11, 12"
,Kanalo g.,"3, 4, 4a, 5, 5a, 6, 7, 8, 9, 10, 11, 11a, 12, 13, 14, 15, 16, 17, 18, 20, 20a, 20b, 20c, 22, 23, 24, 25, 25a, 27, 28, 29, 30, 31, 32, 33, 34, 36a, 38, 39, 41, 42, 42a"
,Kardo g.,"3, 4, 5, 6, 7"
,Karkazų Rato g.,"4, 5, 6, 7, 8, 11, 12, 13, 14, 15, 17, 18, 19, 20, 20b, 21, 22, 23, 24, 25, 26, 28, 29, 30, 31, 33, 33a, 35, 37, 41, 43, 45, 48, 49, 51, 52, 55"
,Karklų g.,"3, 4, 5, 6, 6a, 7, 8, 9, 10, 12, 13, 14, 15, 17, 19, 21"
,Kaštonų g.,"3, 4, 4a, 5, 6, 7, 8, 9a, 10, 11, 11a, 12, 13, 14, 16, 18, 20, 22, 24"
,Kavalerijos g.,"1, 2, 3, 4, 5, 6, 11, 12, 13, 14, 15, 16, 17, 18, 19, 20, 21, 22, 23"
,Kazliškių g.,"3, 3a, 3b, 4, 5, 6, 7, 7a, 8"
,Kazlų g.,3
,Kėkštų g.,"1, 2a, 3, 4, 5, 6, 7, 8, 10, 10a, 11, 12, 14, 16, 18, 20, 22, 24, 26"
,Kidulių g.,"2a, 3, 4, 4a, 5, 7, 7a, 8, 9, 9a"
,Kiečių g.,"2, 3, 4, 5, 6, 7, 8, 9, 10, 11, 13, 15, 16, 19, 19a, 21, 22, 25, 26, 27, 31, 32, 33, 37, 38, 39, 40, 41, 42, 43, 44, 45, 46, 47, 48, 50, 52, 54, 55, 56, 57, 57a, 59, 61, 62, 63, 64, 65, 66, 66a, 67, 68, 69, 70, 71, 72, 73, 74, 76, 77, 78, 79, 80, 81, 82, 83, 84, 85, 86, 87, 88, 89, 90, 91, 93, 95, 97, 99, 110, 112, 114, 116, 125, 127, 129, 131, 133, 135, 137, 139, 141, 143, 145"
,Kybartų g.,"2, 3, 5, 6, 7, 8, 8a, 9, 10, 11, 12, 13, 15, 17, 19, 19a, 20, 21, 23, 24, 25, 26, 27, 28, 29, 30, 31, 31a, 31b, 32, 33, 34, 35, 36, 37, 38, 39, 40, 41, 41b, 43"
,Kmynų g.,"1, 3, 4, 5, 6, 7, 8, 8a, 10, 12, 14"
,Kometų g.,"1, 3, 3a, 4, 5, 7, 8, 10, 11, 11a, 13"
,Kreidos g.,"2, 2a, 4, 6, 6a, 8"
,Kreivoji g.,"1, 2, 3, 4, 4a, 4c, 5, 6, 7, 8, 9"
,Krosnos g.,"1, 2, 4, 5, 6, 8, 10, 11, 12, 13, 14, 15, 16, 17, 18, 19, 19a, 20, 22, 23, 24, 25, 27, 31, 33"
,Krūmų g.,"1, 3, 5, 8, 10, 12"
,Kuopos g.,"3, 4, 5, 7, 9, 10, 11, 13, 18, 19, 20, 21, 22, 23, 24, 25, 26, 27, 29"
,Kviečių g.,"1, 2, 3, 4, 5, 6, 7, 8, 9, 10, 11, 12, 13, 14, 15, 17, 19, 21, 23, 25, 27"
,Laimės g.,"1, 1a, 2, 3, 3a, 4, 4a, 5, 6, 7, 8, 8a, 11, 11b, 11c, 11d, 12, 14, 15, 16, 17, 18, 19, 20, 21, 22, 26, 28, 30, 34, 36, 38, 40, 42, 44, 46, 48, 50, 52"
,Laiptų g.,"1, 3, 4, 5, 7, 9, 10, 12"
,Laiškenių g.,"2, 3, 4, 6, 8, 10, 12, 14, 16, 18, 20, 22, 24, 26, 28"
,Lakūnų pl.,"1, 3, 5, 6, 7, 8, 9, 9a, 10, 11, 11a, 11b, 12, 13, 13a, 13b, 14, 15, 15a, 15b, 15c, 15d, 15e, 15g, 16, 17, 17a, 17b, 18, 19, 19a, 19b, 20, 21, 22, 23, 23a, 23b, 24, 25, 26, 26a, 27, 28, 28a, 29, 30, 31, 32, 33, 33a, 33b, 33c, 34, 35, 36, 37, 38, 39, 40, 41, 42, 42a, 43, 44, 44a, 44b, 44c, 45, 46, 46a, 47, 48, 49, 50, 51, 52, 53, 53a, 53b, 54, 55, 56, 57, 58, 59, 60, 61, 61a, 62, 63, 63a, 63b, 64, 65, 66, 67, 67a, 67b, 68, 69, 71, 71a, 73, 75, 77, 79, 81, 83, 85, 32a, 32b, 34a, 34b, 34c"
,Lankininkų g.,"2, 3, 4, 5, 9"
,Lapų g.,"3, 5, 6, 7, 9, 11, 12, 12a, 13, 13a, 15, 16, 16a, 17, 18, 18a, 20, 22, 24, 28, 30, 32, 34, 36"
,Laurų g.,"2, 4, 6, 11, 12, 14"
,Lazdijų g.,"1, 2, 2a, 3a, 4, 4a, 5, 7, 8, 9, 10, 11, 12, 13, 14, 16, 16a, 18, 20, 24, 26, 28, 30, 30a, 30b, 32, 34, 36, 38, 40, 42, 46, 48, 50, 52, 54, 56, 58, 60, 62, 64, 66, 68"
,Leipalingio g.,"2, 9, 11, 13, 14, 15, 16, 17, 18, 19, 20, 25, 27, 29, 31, 33, 35, 37, 39"
,Lekėčių g.,"1, 1a, 2, 3, 3a, 4, 5a, 6, 7, 9, 10, 12, 13, 14, 15, 16, 17a, 18, 19, 20, 21, 22, 23, 24, 25, 26, 28, 29, 30, 31, 32, 33, 34, 35, 35a, 36, 37, 38, 39, 40, 40a, 41"
,Lėvens g.,"2, 3, 4, 5"
,Lieponynės g.,"1, 2, 3, 4, 5, 6, 7, 8, 9, 10, 11, 13"
,Liepų g.,"2, 4, 6, 8, 10, 12, 14"
,Liudvinavo g.," 3, 4, 5, 6, 7,  8, 9, 10"
,Liūdesio al.,"3, 4, 4a, 5"
,Lygioji g.,"3, 3a, 4, 5a, 6, 7, 7a, 9, 10, 11, 12, 13, 14, 15, 16, 17, 18, 19, 20, 21, 22, 22a, 23, 23a, 24, 24a, 25, 26, 26a, 27, 28, 28a, 29, 30, 31, 32, 34, 36, 40, 42"
,M. Yčo g.,"2, 2a, 3, 3a, 4, 4a, 5, 6, 7, 8, 9, 10, 11, 11a,12, 13, 14, 15, 16, 17, 18, 19, 20, 20a, 21, 22, 23, 25, 27, 27a, 29"
,M. Pečiulionio g.,"1, 2, 3, 4, 5, 6, 7, 8, 9, 11, 13, 14, 15, 16, 18, 19, 20, 21, 22, 23, 24, 25, 26, 27, 28, 29, 30, 31, 32, 34, 35, 37, 39, 41, 43 "
,Maisto g.," 3, 4, 4a, 5, 6, 6a, 7, 8, 10, 12, 13, 15,18, 20, 22"
,Marvelės g.,"1, 3, 5, 6, 6a, 7, 8, 9, 11, 13, 15, 15a, 16, 17, 18, 19, 21, 22, 23, 25, 25a, 26, 27, 27a, 28, 29, 30, 30a, 31, 32, 33, 34, 35, 36, 37, 37a, 37b, 38, 39, 39a, 39d, 40, 41, 43, 44, 45, 46, 47, 48, 48a, 49, 50, 51, 52, 53, 54, 55, 56, 57, 58, 59, 61, 62, 63, 64, 65, 66a, 67, 68, 68a, 69, 70, 71, 71a, 73, 74, 74a, 75, 75a, 76, 77, 78a, 78b, 79, 80, 81, 82, 83, 84, 85, 86, 87, 88, 89, 89a, 90, 91, 91a, 91b, 92, 93, 94, 95, 95a, 96, 96a, 96b, 96c, 96d, 97, 98, 98a, 98b, 99, 100, 101, 102, 103, 104, 104a, 104b, 105, 106, 106a, 106b, 106c, 106d, 106e, 106f, 106g, 106h, 106k, 106l, 107, 108, 108a, 108b, 108c, 108d, 108e, 109, 110, 111, 111a, 112, 113, 115, 116, 119, 121, 121a, 122, 123, 125, 126, 127, 129, 131, 132, 133, 133a, 133b, 137, 139, 140, 142, 144, 145, 146, 147, 149, 151, 153, 155, 159, 161, 163, 173, 175, 175a, 177, 177a, 179, 179a, 183, 185, 187, 189, 191, 191a, 193, 195, 197, 197a, 197b, 197c, 199, 199a, 199b, 201, 205, 225"
,Marviliaus takas," 3, 5, 7, 7p, 9, 11, 13, 15, 17"
,Marvos skg.,"1, 3, 12, 12a, 15, 17, 18, 21, 23 "
,Mauručių g.,"7a, 10, 11, 12, 13, 14, 15, 16, 17, 18, 19, 20, 23, 25, 26, 27, 28, 29, 30, 32, 34, 36"
,Meteorų g.,"3, 4, 5, 6, 7"
,Mėtų g.,"1, 2, 3, 4, 5, 6, 7, 8, 9, 10, 16, 20, 21, 23, 24, 25, 26, 28"
,Mimozos g.,"1, 1a, 1b, 2, 3, 3a, 4, 5, 6, 7, 8, 9, 10, 11, 12, 13, 14, 15, 15a, 16, 16a, 17, 18, 19, 20, 20a"
,M. Katiliškio g.,"17, 19, 30"
,Mirtų g.,"1, 1a, 1b, 1c, 2, 2a, 2b, 2c, 3, 4, 5, 5a, 6, 6a, 6b, 6c, 6d, 7, 7a, 8, 9, 10, 10a, 12, 12a, 12b, 12c,  12d, 12e, 14, 14a, 16, 18, 25, 29, 31, 45, 47, 47a, 49, 57, 59, 61, 63, 65, 69, 69a, 73, 75, 75a, 77, 77a"
,Mokolų g.,"4, 6, 8, 10, 10a, 12, 14, 14a, 16, 16b, 18, 20, 22, 28, 30, 32, 34, 36, 40, 42, 44, 44a, 44b, 46, 46a, 48, 48a, 50, 52, 53, 54, 55, 56, 57, 58, 59, 60, 61, 62, 63, 64, 65, 66, 67, 68, 69, 70, 71, 72, 73, 74, 75, 76, 78, 80, 82"
,Moliūgų takas,"1, 2, 3, 4, 5, 6, 7, 8, 9, 10, 11, 12, 13, 14, 15, 16, 17, 18, 19, 20, 21, 22, 23, 24, 25, 26, 27, 28, 29, 30, 31, 32, 33, 34, 35, 36, 37, 38, 39, 40, 41, 42, 43, 44, 45, 46, 47, 48, 49, 50, 51, 52, 54"
,Muzikos g.,"2, 2a, 3, 5, 5a, 6, 6a, 6b, 7, 8, 10"
,Našlaičių g.,"1,  2, 3a, 8"
,Naujadvario g.,"1, 1a, 3, 4, 5, 6, 7, 8, 9, 10, 11, 11a, 11b, 11c, 11e, 12, 15, 16, 17, 18, 19, 19a, 20, 21, 22, 23, 24, 25, 26, 27, 28, 29, 30, 30a, 31, 32, 44, 46, 50, 52, 54, 56, 58, 60, 62, 64"
,Naujokų g.,"3, 5, 7, 8, 9, 11"
,Naumiesčio g.,"2, 3, 4, 5, 6, 7, 8, 9"
,O. Milašiaus g.,"3, 5, 6, 7, 7a, 9, 11, 12, 13, 15, 17, 22, 25, 33"
,Orchidėjų g.,"1, 2, 3, 4, 5, 6, 7, 8, 9"
,P. Galaunės g.,"3, 4, 5, 6, 7, 8, 9, 10, 11, 12, 13, 14, 15, 16, 17, 18, 19, 20, 21, 22, 23, 25, 26, 27, 28, 29, 30, 31, 32, 33"
,P. Gudyno g.,"1a, 2a, 3, 4, 9, 10, 10a, 11, 12, 14"
,P. Mašioto g.,"2, 4, 5, 6, 7, 8, 10, 11, 12, 13"
,Pabūklų g.,"14, 16"
,Pagirėnų g.,"1, 2, 3, 4, 5a"
,Pajiesio g.,"1, 3, 3a, 4, 5, 6, 7, 8, 9, 10, 12, 14, 16, 18, 20"
,Palaukės takas,"1, 6, 11, 13, 14, 16, 18, 20, 22, 24, 26, 28, 30"
,Pašlaitės g.,4
,Paupelio g.,"3, 4, 5, 6, 7, 8, 8a, 8b, 9, 10, 10a, 11, 12, 12a, 12b, 13, 15, 17, 19, 21, 23, 25, 29, 31, 35, 37, 39, 41, 43"
,Pavasario g.,"1, 3, 3c, 4, 5, 6, 8, 10, 12, 14"
,Pėstininkų g.,"1, 2, 3, 4, 5, 6, 8, 14, 16, 17, 19, 23, 25"
,Pievų g.,"3, 4, 5a, 6, 7, 8, 9, 10, 11, 12, 13, 14, 15, 16, 17, 18, 19, 20, 21, 23, 24, 25, 26, 27, 28, 29, 30, 31, 32, 33, 34, 35, 36, 37"
,Piliakalnio g. ,"1,3,3a,3b,5,6,8,9,9a,9b,9c,11,11a,12,12a,14,14a,15,16,17,18,19,20,21,21a,22,22a,23,24,25,27,29,31,33,35,37,37a,39,41,41a,43,43a,45,47,49,51,55,57,57a,59,59a,61,63,65,67,69,71,73,75,77,79,81,83,83a,83b,83c"
,Pilviškių g.,"1,3,4,5,7,9,10,11,12,13,14,15,16,17,17a,18,22,23,25,27,29,31,35,37,41,43,45,47,49,51,53,55"
,Planetų g.,"3,6,6a,9,10,11,12,13,13a,,14,16,18"
,Plokščių g.,"1,4,6,8,8b,10,11,11a,11b,12,12a,13,13a,13b,14,15,13,18,18a,20,22,22a,24,24a"
,Povų g.,"3,4,6,7,8,10,12"
,Prienų g.,"3,5,"
,Pulko g.,"4,6,7,8,9,10,12,14,15,17,18,19,20,21,22,24,26"
,Pumpurų g.,"9,11,12,13,15,18,19,21,23,25,27,29,29a,31,33,35"
,Raitininkų g.,"1,3,5,7,8,10,11,12,14,16,18,20,24"
,Ramunių g.,"3,5,8,9,11,12,13"
,Rąžės g.,"3,4,5,6,7,8,11,12,13,14,15,16,17,18,19,20,21,22,23,24,25,26,28,29,30,31,32,33,34,35,36,37,39,41,43"
,Ropių takas,"2,4,6,8,10,11,12,13,14,16,18,20,22,24"
,Rožių g.,"1,2,3,4,5,6,7,8,11,12,13,14,15,16,17,18,19,20,21,22,23,24,25,26,27,27a,28,29,30,31,33,35"
,Rudaminos g.,"1a,1b,1c1,1d,1e1f,3,4,4a,5,6,7,8,8a,9,9a,10,11,12,14,14a,14b,16"
,Rugių g.,"3,4,5,6,7,8,9,10,11,13,15,17,19,21"
,S. Dariaus ir S. Girėno g.,"2a, 4, 5, 6, 7, 8, 9, 10, 11, 12, 13, 14, 15, 16, 17, 18, 19, 20, 20a, 20b, 21, 22, 23, 24, 25, 26, 27, 28, 28a, 29, 29a, 29p, 30, 31, 31a, 32, 33, 34, 35, 36, 38, 39, 40, 41, 42, 42a, 43, 44, 45, 46, 47, 48, 49, 50, 51, 53, 54a, 54b, 54c, 55, 55a, 57, 59, 61, 63, 64, 65, 65a, 66, 67, 68, 69, 70, 71, 72, 73, 74, 76, 78, 80, 80a, 82, 84, 86, 88, 90, 92, 96, 98, 98a, 100, 104, 122, 124"
,S. Hariso g.,"3, 5, 6, 7, 7a, 8, 9, 10, 11, 12, 14, 15, 16, 18, 19, 21, 22, 24, 25, 25a, 27, 31, 33, 35, 37"
,S. Čiurlionienės-Kymantaitės g.,"2, 4, 6, 7, 8, 9, 10, 11, 12, 13, 14, 16, 19, 20, 21, 22, 23, 24, 26, 27, 28"
,S. Šimkaus g.,"1,2,3,4,5,6,7,8,9,10,11,12"
,Santarvės g.,"2,3,4,5,6,7,8,9,10,11,12,14,15,15a,15b,15d,16,17,18,19,20,21,22,22a,23,24,25,26,27,28,29,30,31,31a,32,33,34,35,36,38,40"
,S. Santvaro g.,"2,4,6,17,19,21,23,25,30,30a,31,32,32a,33,34,35,36,37,38,39,40,41,42,43,44,46"
,Sasnavos g.,"2,4,6,"
,Saulėgrąžų g.,"1,2,5,6,7,8,9,10,11,12,13,14,15,16,17,18,19,20,21,22,23,24,25,26,27,28,29,30"
,Saulėtekio g.,"1a,3,5,7,11,15,17"
,Sąnašos g.,"1,2a,3,3a,3b,4,5,6,6a,7,8,9,10,11,11a,12,13,14,14a,15,18,18a,18d,2022,22a,24,27,30,31,33,34,34a,35,36,36a,37,38,40,41,49,51,53"
,Sangrūdos g.,"1,2,3,4,5,6,7,8,9,10"
,Seniavos pl.,"2,3,5,8a,8b,8c,8d,8e,8f,8g,8h,8i,9,10a,10b,10c,10d,10e,10f,10g,10h,10i,10j,10k,10l,10m,10n,11,23,13,14,16,17,19,21,23,25,27,31,31a,33,33a,33b,33c,35,36,37,4,40a,42,42a,42b,43,44,45,46,47,48,49,50,51,52,52a,53,55,56,56a,56a,56b,57,58,58a,60,60a,60b,61a,62,64,66,66a,68,68a,68b,70,70a,70b,72,74,76,80,80a,82,84,85,86"
,Senosios Obels g.,"1,2,3,4,5,6,7,8,9,10,11,11a,12,13,14,15,16,16a,17,17a,18,18a,18b,19,20,21,22,23,24,25,26,26a,27,28,30,32,34,36,38,40,"
,Sietyno g.,"13,17,19a,19b,19c,19d,23,25,25a"
,Simno g.,"3,4,5,6,7,8,9,10,11,12,13,14,15,16,17,18,19,20,21,22,23,24,25,26,27,28,29,30,31,32,33,34,35,35a,36,37,38,39,40,41,42,43,44,45,46,47,48,49,50,52,"
,Sintautų g.,"6,8"
,Skalūnų g.,"2,5,11,13,15,17,17a,17b,17c,17d,23,23a,23b,27,27a,27b,29,29a,29b,35,27,39,41,43,45,47,49,51,53,55,57,59,61,63,65,67,69,71,73"
,Skardžio g.,"1,2a2,2b,2c,2d,2e,2e,3,4,4a,4b,6,7,8,9,11,12,13,14,15,16,18,20,22,24,26,27,28,29,29a,30,32,34"
,Skirpstų g.,"1,2,3,4,5,6,8,11,11a,12,13,14,16,16b"
,Skynimo g.,"2,3,4,4a,6,7,8,8a,9,10"
,Skriaudžių g.,"1,3,5,5a,7"
,Skudučių g.,"2a,3,3a,4,4a,5,6,7,9,11,13,15,17,19,21,23, 12, 14, 16"
,Slankų g.,"3,4,5,6,8,10,11,12,13,14,15,16,17,18,19,20,22,23,24,25,26,27,28,29,30,31,32,34,36,38,40"
,Smilgos g.,"3,4,5,6,7,8,9,10,11,13,15,19,21,23,25,27"
,Sniegenų g.,"3,3a,4,4a,5,6,6a,7,7a,8,8a,9,10,12,13,14,15,16,17,18,19,20,22,23,24,26,27,28,29,30,31,32,33,34,35,37,38,39,40,41,42,43,43a,44,45,46,47,47a,48,49,50,5151a,52,53,54,55,57,59,61,63,65, 34a, 36, 36a, 56, 58, 60, 67, 69"
,Sodininkų g.,"2,3,5,7,7a,9,11,13,15,15a,17,19,23,25,27,29,31,33,35,37,41,43,45"
,Sparnų g.,"1,1a,1c,2,3,4,5,6,6a,7,8,9,9a,10,11,12,13,14,15,15a,16a,17,18,19,20,22"
,Stangviliškių g.,"3,4,5,6,7,8,9,10,11,12,13,14,15,16,17,18,19,19a,20,20a,21,22,23,25,26,27,28,29"
,Svajonių al.,"1,3"
,Svirbygalos g.,"2,4,6,7,8,9,10,11,12,13a,13c,13d,16,17,17a,17b,18,19,19a,19b,21,21a,22,23,24,25,26,27,28,29,30,31,32,33,34,35,36,36a,38,40"
,Šalčpievės g.,"1,3,4,5,6,6a,7,8,9,10,11,12,14,16,18,20"
,Šalmo g.,"1,3,6"
,Šaltinių g.,"4,5,6,7,8,9,10,11"
,Šarvuočių g.,"1,3,5,7,7a,9,11,15,17"
,Šeštokų g.,"4,6,8,10,12,14,16,18,22,47,49,51,53,63"
,Šiaudinės g.,"1,2,4,6,7,8,9,10,11,11a,12,14,16,18,20"
,Šlaito g.,"2,3,4,5,6,7,8,9,10,11"
,Šunskų g.,"1,3,4,5,6,7,9,10,11,13,18,19,20,22,24,26,26a,28,30,32,34,36,38,40,42,44,46,48,50,52,54,56,60,62,64,66,68"
,Šušvės g.,"2,2a,3,4,4c,4d,5,6,7,7a,9,11,12,15,15a,15b,17,19,21"
,Švendrų takas,"1,2,3,4,5,6,7,8,9,10,11,12,13,14,15,16,17,18,19,20,21,22,23,24,25,26,27,28,29,31,33,34,35,37,39,41,43"
,T. Ivanausko g.,"1, 1a, 2, 3, 4, 5, 6, 7, 8, 9, 10, 11, 13, 14, 15, 16, 17, 18, 19, 20, 21, 22, 23, 24, 25, 26, 27, 28, 30, 32, 34, 35, 36, 37, 38, 39, 40, 41, 42, 43, 44, 45, 46, 47, 48, 49, 50, 51, 52, 53, 54, 55, 56, 57, 58, 59, 60, 61, 62, 63, 64, 65, 66, 67, 68, 69, 70, 71, 72, 74, 75, 76, 78, 80, 81, 82, 83, 84, 85, 86, 87, 88, 89, 90, 91, 92, 93, 94, 96, 97, 98, 99, 100, 103, 104, 105, 106, 107, 108, 109, 110, 111, 112, 113, 114, 115, 116, 117, 118, 119, 120, 121, 122, 123, 124, 125, 126, 127, 128, 129, 130, 131, 132, 133, 134, 135, 136, 137, 138, 139, 140, 141, 142, 143, 144, 145, 146, 147, 148, 149, 150, 151, 153, 154, 155, 156, 157, 158, 159, 160, 161, 162, 163, 164, 165, 166, 167, 168, 169, 170, 171, 172, 173, 174, 175, 176, 177, 178, 180, 182, 186, 186a, 188, 188a, 190, 192, 194, 196, 198, 200, 202, 206, 208, 210, 212, 216, 218, 220, 222, 224, 226, 228, 230, 232, 234, 236, 238, 240, 242, 244, 246, 248, 250, 252, 254, 256, 258, 260"
,Technikumo g.,"1,2,6,8,10,12,14,16,17,18,19,20,21,22,23,24,25,26,27,28,29,30,31,32,33,34,34a,35,36,37,38,40,41,42,43,44,45,46,48,49,50,52,53,54,54a,55,56,57,58,60,61,62,64,65,66,67,68,69,70,71,72,23,24,25,26,28,80,83,85,86,87,88,89,90,90a,90b,90c,90d,98"
,Tirkiliškių g.,"1,2a,2b,3,4,5,6,7,8,9,10,11,12,13,14,15,16,17,18,19,20,21,22,23,24,25,26,27,28,29,30,31,32,33,34,34a,353,7337a,39,39a,40,41,41a,42,44,45,46,47,48,49,50,51,52,53"
,Titnago g.,"4,6,10,12,16,18,20,20a,22,26a,"
,Tyrulių g.,"1a,2,3,4,4a,6,7,8,9,10,10a,12,14,16,16a,18,18a,20,20a,22,24,26,28,30"
,Trakiškių g.,"1,2a,3,4,5,6,7,8,12,13,15"
,Tujų g.,"3,4,4a,5,7,9,11,12,13,13a,13b,15,17,19,21,23,29,31,33,35,37,39"
,Ulonų g.,"2,3,5,6,7,8,9,10,11,12,13,14,16,17,18,19,20,21,22,23,24,26,28"
,Universiteto g.,"1,1a,1b,1c,1d,1e,1k,1l,1m,2,3,4,5,5a,5b,5c,5d,5e,5f,5g,6,7,8,9,10,11,12,14,16,18,20,22,24,26,"
,V. Bulvičiaus g.,"1, 2, 3, 4, 5, 6, 7, 8, 9, 10, 11, 12, 13, 14, 15, 16, 18, 20"
,V. Čarneckio,"1, 3, 5, 7, 9, 11, 21, 23, 25"
,V. Čepinskio g.,"2, 4, 5, 6, 7"
,V. Mirono g.,"9, 11, 15, 17, 19, 25, 27, 29, 31, 33, 35, 37, 41, 45, 47, 49, 51, 53, 54, 55, 56, 58, 60, 62, 64, 66, 68, 70, 72, 74, 78, 80, 82, 84, 86"
,V. Raubos g.,"2,3,4,5,6,7,8,9,10,11,12,13,13a,14,16,18"
,Vainikų g.,"3,4,5,6,8,10,12,14"
,Vaitapilės g.,"3,7a,9,13,15,17,19"
,Vaitiškės g.,"3,4,5,5a,6,7,8,9,10,11,12,13,14"
,Vaivorykštės g.,"1,4,5,6,8,9,10,11,12,13,15,16,16a,17,18,19,20,21,22,23,24,26,28,30,32,48,50,52,54,56,58,59,60,88,90,92"
,Valakų g.,"1,3,4,5,6,7,10,12,13,14,15,16,17,18,19,20,21"
,Vandens Lelijų takas,"1,2,3,4,5,6,7,8,9,10,11,12,13,14,15,16,17,18,19,20,21,22,23,24,25,26,27,28,29,30,31,32,33,34,35,36,37,38,39,40,41,42,43,44,45,46,47,48,49,50,51"
,Varnėnų g.,"3,4,5,6"
,Vaškų g.,"1,2,4,4a,4b,5,5a,5b,5c,5d,5e,6,7,7a,7b,7c,7d,7e,8,8a,10,19,21,23"
,Veisiejų g.,"3,4,5,6,8,9,10,11,12,13,14,15,16,18,19,20,21,22,23,24,2628,30,32"
,Veiverių g.,"2,4,5,8,9,11,13,15,16,17,19,20,21,22,23,24,25,26,27,29,,29a,30,30a,31,32,33,33a,35,36,36a,36b,38,40,40a,42,43,44,45,45a,46,47,47a,47b,47L,49a,50,51,51a,51b,51c,51d,51e,51f,51g,54,55,55b,56,57,58,60,61,61a,61b,61c,62,62a,63,64,65,66,67,68,69,71,72,73,74,75,76,77,79,81,83,85,85a,87,87a,88,89,90,91,92,93a,94,95,96,97,98,99,100,101,102,104,105,106,107,109,110,110a,111,112,115,116,117,118,120,120a,122,124,124a,124b,125,126,127,128,129,130,130a,132,132a,132d,133,134,134a,134b,134c,138,140,141,142,142a,142b,142d,142e,143,144a,144b,148,148a,147b,150,150a,150b,151,152,154,156,158,160,160a,164,166,168,170,170a,170b,171,172,172a,173,174,175,176,176a,177,178,179,181,181a,181b,182,183,183a,183b,183c,183d,184,186,187,187a,187b,187c,187d,188,189,190,191,194"
,Ventos g.,"2,4,6,7,8"
,Vėliavininkų g.,"1,2,3,4,6,7,9,10,11,12,14,15,16,17,18"
,Vidukalnio g.,"1,2,3,4,5,6,8,8a,10,11,12,13,15,16,17,18,19,19,a,20,21,22,25,27,29,31,31a,33"
,Vieversių g.,"3, 5, 6,6a, 7, 8, 9, 10"
,Vilkaviškio g.,"1,1a,2,4,5,11,12,13,13a,15,15a,17,18,19,19a,20,21,22,23,24,25,26,28,30,32"
,Vilties g.,"1,2,2a,2b,2c,3,5,6,6a,6b,9,11,12,13,15,17,19,21,23,25,27,29,33,35,37,39"
,Vinčų g.,"1, 2, 3, 4, 5, 7, 8, 10, 12, 14, 16, 18, 20"
,Virbalio g.,"4,5,6,6a,7,8,8a,10,11,13,15,16,17,18,19,20,22,24,30,32,34,38,40,42,43,44,45,48,50,52"
,Vištyčio g.,"3,4,5,6,8,9,10,11,12,13,15,16,17,18,20,20a,22,23"
,Vyčio g.,"1,2,4,5,7,8,9,10,11,12,13,14,15,16,17,18,19,20,20a,21,22,23,24,25,25,a,26,27,28,29,30,31,33"
,Vyčio Kryžiaus g.,"3,4,5,5a,6,7,8,10,11,12,13,15,17,18,19,20,21,22,23,24,25,26,27,28,29,30,31,33,34,35,36,37,38,39,40,42,43,44,45,47,48,49,50,51,52,54,56,57,59,61,63,65,67,69"
,Vyturių g.,"2a,3,4,5,6,7,8,9,11,12,13,14,15,16,16a,17,18,19,20,21,22,23a,24,25,27,28,29,29a,31,33,34"
,Z. Tiškos g.,"3,4,5,7,8,9,11,13,15,17,19,20,21,23,24,25,27,31,35,37,39,43,49"
,Zylių g.,"3,4,5,6,7,8,9,10,11,12,13,14,15,17,19,21"
,Žemdirbių g.,"1, 3, 4, 5, 6,7, 8, "
,Žemoji g.,"3,4,5,6,6a,6b,7,8,9,10,11,12,13,14,16,17,18,19,20,21,22,24,24a,25,26,27,29,30,31,32,34,36,38,39,40,41,42,43,44,45,46,47,48,49,50,51,52,53,54,55,56,57,58,59,60,61,63,65"
,Žiedų g.,"1,2,4,5,6,7,8,9,10,11,12,13,13a,14,16,17,18,19,22,23,24,25,26,27,28,29,30,31,33, 20, 20a, 22a"
,Ž. E. Žilibero g.,"1,2,3,4,5,6,7,9,10,13,18,20,22,24,26,28,32,34,36"
,Žilvičių g.,"1,5,5a,6,7,8,9,11,13,14,15,16,18,20,21,22,24,27,30,31,33,35,36,38,39,41,44,44a,45,47,51,52,54,56"
,Žirgo g.,"3,4,5,6,7,8,10,12,14,"
,Žostautų takas,"1,2,3,4,6,7,8,9,10,11,12,13,14,15,16,17,18,19,20,21,22,25,27"
,Žvaigždžių g.,"1, 1a, 2, 3,3a, 4, 5, 6, 7, 8, 9, 10, 11, 12, 13, 14, 15,16, 17, 18, 19, 21, 22, 24, 26,27, 28, 30,30a 32, 34"
,Žvalgų g.,"3,4,5,6,7,8,9,10,11,12,14"
,Žvejų g.," 4, 6, 7, 9, 9a, 11, 12, 14, 16"
,Žvirblių g.,"1, 2, 3, 4, 6, 7, 7a, 8, 9, 10, 11, 12, 13"
